Cluster,phase1,phase2,phase3
0,0.3,0.36666666666666664,0.3333333333333333
1,0.36419753086419754,0.30246913580246915,0.3333333333333333
