{
  "use_fixed_k": true,
  "fixed_k": 4,
  "bic_selected_k": 2,
  "final_k_used": 4,
  "selected_k_aic": 15882.558339932839,
  "selected_k_bic": 16313.00370653093,
  "nmi": 0.02207018633821543,
  "selected_pca_components": 14,
  "global_missingness_ratio": 0.00012569130216189038
}