GMMCluster,phase1,phase2,phase3
0,0.3333333333333333,0.3333333333333333,0.3333333333333333
