{
  "use_fixed_k": true,
  "fixed_k": 3,
  "bic_selected_k": 2,
  "final_k_used": 3,
  "selected_k_aic": 16055.164124605788,
  "selected_k_bic": 16377.062398757404,
  "nmi": 0.020915841210193204,
  "selected_pca_components": 14,
  "global_missingness_ratio": 0.00012569130216189038
}