KMeansCluster,phase1,phase2,phase3
0,0.23931623931623933,0.5726495726495726,0.18803418803418803
1,0.5234375,0.09375,0.3828125
2,0.13432835820895522,0.373134328358209,0.4925373134328358
